regionCd,regionNm,YEARMONTH,volume
11000,서울,200601,7704
11000,서울,200602,12717
11000,서울,200603,17419
11000,서울,200604,14919
11000,서울,200605,16277
11000,서울,200606,11574
11000,서울,200607,8649
11000,서울,200608,8463
11000,서울,200609,15880
11000,서울,200610,22346
11000,서울,200611,27800
11000,서울,200612,18551
11000,서울,200701,9411
11000,서울,200702,5971
11000,서울,200703,7430
11000,서울,200704,7461
11000,서울,200705,6422
11000,서울,200706,6456
11000,서울,200707,7018
11000,서울,200708,6862
11000,서울,200709,6303
11000,서울,200710,8522
11000,서울,200711,8918
11000,서울,200712,7674
11000,서울,200801,7233
11000,서울,200802,6953
11000,서울,200803,10746
11000,서울,200804,13590
11000,서울,200805,10041
11000,서울,200806,9417
11000,서울,200807,7866
11000,서울,200808,5159
11000,서울,200809,4865
11000,서울,200810,4871
11000,서울,200811,3087
11000,서울,200812,4343
11000,서울,200901,4358
11000,서울,200902,6242
11000,서울,200903,7721
11000,서울,200904,9802
11000,서울,200905,9985
11000,서울,200906,10927
11000,서울,200907,11390
11000,서울,200908,10714
11000,서울,200909,11388
11000,서울,200910,9564
11000,서울,200911,6082
11000,서울,200912,6279
11000,서울,201001,5492
11000,서울,201002,6809
11000,서울,201003,7484
11000,서울,201004,5586
11000,서울,201005,4033
11000,서울,201006,3821
11000,서울,201007,3627
11000,서울,201008,4094
11000,서울,201009,3995
11000,서울,201010,5116
11000,서울,201011,7062
11000,서울,201012,9182
11000,서울,201101,7089
11000,서울,201102,7739
11000,서울,201103,9472
11000,서울,201104,7062
11000,서울,201105,6229
11000,서울,201106,5844
11000,서울,201107,5168
11000,서울,201108,6178
11000,서울,201109,6128
11000,서울,201110,6067
11000,서울,201111,5643
11000,서울,201112,7918
11000,서울,201201,2959
11000,서울,201202,4628
11000,서울,201203,5339
11000,서울,201204,5440
11000,서울,201205,5099
11000,서울,201206,4427
11000,서울,201207,4120
11000,서울,201208,3190
11000,서울,201209,3002
11000,서울,201210,5969
11000,서울,201211,6897
11000,서울,201212,9770
11000,서울,201301,3041
11000,서울,201302,4211
11000,서울,201303,6820
11000,서울,201304,8291
11000,서울,201305,9537
11000,서울,201306,12697
11000,서울,201307,4768
11000,서울,201308,5460
11000,서울,201309,6069
11000,서울,201310,10083
11000,서울,201311,9649
11000,서울,201312,10391
11000,서울,201401,8501
11000,서울,201402,10089
11000,서울,201403,12053
11000,서울,201404,10641
11000,서울,201405,7682
11000,서울,201406,7234
11000,서울,201407,9259
11000,서울,201408,10838
11000,서울,201409,12309
11000,서울,201410,15261
11000,서울,201411,11437
11000,서울,201412,9474
11000,서울,201501,8227
11000,서울,201502,10085
11000,서울,201503,15689
11000,서울,201504,16107
11000,서울,201505,15673
11000,서울,201506,14497
11000,서울,201507,15332
11000,서울,201508,12605
11000,서울,201509,10928
11000,서울,201510,13701
11000,서울,201511,12691
11000,서울,201512,10802
11000,서울,201601,7589
11000,서울,201602,7520
11000,서울,201603,10472
11000,서울,201604,11129
11000,서울,201605,13094
11000,서울,201606,14762
11000,서울,201607,17633
11000,서울,201608,16519
11000,서울,201609,13637
11000,서울,201610,16319
11000,서울,201611,13838
11000,서울,201612,12540
11000,서울,201701,7720
11000,서울,201702,8064
11000,서울,201703,9979
11000,서울,201704,12276
11000,서울,201705,14593
11000,서울,201706,19044
11000,서울,201707,18541
11000,서울,201708,22647
11000,서울,201709,14688
11000,서울,201710,9090
11000,서울,201711,11616
11000,서울,201712,16955
11000,서울,201801,18212
11000,서울,201802,15305
11000,서울,201803,20673
11000,서울,201804,10130
11000,서울,201805,12312
11000,서울,201806,9013
11000,서울,201807,13648
11000,서울,201808,13182
11000,서울,201809,17564
11000,서울,201810,16609
11000,서울,201811,7848
11000,서울,201812,6590
11000,서울,201901,7000
11000,서울,201902,4625
11000,서울,201903,6464
26000,부산,200601,4592
26000,부산,200602,6064
26000,부산,200603,6482
26000,부산,200604,5839
26000,부산,200605,6192
26000,부산,200606,4887
26000,부산,200607,3350
26000,부산,200608,3068
26000,부산,200609,5920
26000,부산,200610,5037
26000,부산,200611,8146
26000,부산,200612,6992
26000,부산,200701,4797
26000,부산,200702,3808
26000,부산,200703,4814
26000,부산,200704,5376
26000,부산,200705,4405
26000,부산,200706,4017
26000,부산,200707,3922
26000,부산,200708,4036
26000,부산,200709,3701
26000,부산,200710,5219
26000,부산,200711,5552
26000,부산,200712,6018
26000,부산,200801,5262
26000,부산,200802,5427
26000,부산,200803,5522
26000,부산,200804,8108
26000,부산,200805,6547
26000,부산,200806,6053
26000,부산,200807,6005
26000,부산,200808,4388
26000,부산,200809,4039
26000,부산,200810,4612
26000,부산,200811,3820
26000,부산,200812,3753
26000,부산,200901,3197
26000,부산,200902,4398
26000,부산,200903,5910
26000,부산,200904,5725
26000,부산,200905,5227
26000,부산,200906,7039
26000,부산,200907,6475
26000,부산,200908,6268
26000,부산,200909,7142
26000,부산,200910,7317
26000,부산,200911,7309
26000,부산,200912,7180
26000,부산,201001,5944
26000,부산,201002,6272
26000,부산,201003,6588
26000,부산,201004,7655
26000,부산,201005,6293
26000,부산,201006,6231
26000,부산,201007,5304
26000,부산,201008,5116
26000,부산,201009,4567
26000,부산,201010,6422
26000,부산,201011,8237
26000,부산,201012,10485
26000,부산,201101,6973
26000,부산,201102,7176
26000,부산,201103,8011
26000,부산,201104,8753
26000,부산,201105,7091
26000,부산,201106,6451
26000,부산,201107,5916
26000,부산,201108,5618
26000,부산,201109,4509
26000,부산,201110,5391
26000,부산,201111,6346
26000,부산,201112,9251
26000,부산,201201,3993
26000,부산,201202,3356
26000,부산,201203,4433
26000,부산,201204,5336
26000,부산,201205,4580
26000,부산,201206,4763
26000,부산,201207,4940
26000,부산,201208,4004
26000,부산,201209,3136
26000,부산,201210,5170
26000,부산,201211,5598
26000,부산,201212,7941
26000,부산,201301,3312
26000,부산,201302,4054
26000,부산,201303,5884
26000,부산,201304,7369
26000,부산,201305,7903
26000,부산,201306,10563
26000,부산,201307,5337
26000,부산,201308,5763
26000,부산,201309,4823
26000,부산,201310,7787
26000,부산,201311,7548
26000,부산,201312,8619
26000,부산,201401,6019
26000,부산,201402,6615
26000,부산,201403,7357
26000,부산,201404,7643
26000,부산,201405,7376
26000,부산,201406,7026
26000,부산,201407,8415
26000,부산,201408,7438
26000,부산,201409,8113
26000,부산,201410,9035
26000,부산,201411,9021
26000,부산,201412,10939
26000,부산,201501,9336
26000,부산,201502,7829
26000,부산,201503,9557
26000,부산,201504,10799
26000,부산,201505,9793
26000,부산,201506,10312
26000,부산,201507,11294
26000,부산,201508,9473
26000,부산,201509,7828
26000,부산,201510,9940
26000,부산,201511,10613
26000,부산,201512,9727
26000,부산,201601,7315
26000,부산,201602,5198
26000,부산,201603,7695
26000,부산,201604,7104
26000,부산,201605,7735
26000,부산,201606,9362
26000,부산,201607,7454
26000,부산,201608,8825
26000,부산,201609,10685
26000,부산,201610,11020
26000,부산,201611,10539
26000,부산,201612,9113
26000,부산,201701,6177
26000,부산,201702,6520
26000,부산,201703,7173
26000,부산,201704,9217
26000,부산,201705,8820
26000,부산,201706,7685
26000,부산,201707,7555
26000,부산,201708,13300
26000,부산,201709,7015
26000,부산,201710,5720
26000,부산,201711,10278
26000,부산,201712,8333
26000,부산,201801,10382
26000,부산,201802,5588
26000,부산,201803,8300
26000,부산,201804,6081
26000,부산,201805,6193
26000,부산,201806,6046
26000,부산,201807,6559
26000,부산,201808,4420
26000,부산,201809,5715
26000,부산,201810,6672
26000,부산,201811,7358
26000,부산,201812,7549
26000,부산,201901,5724
26000,부산,201902,5600
26000,부산,201903,4900
27000,대구,200601,3684
27000,대구,200602,4797
27000,대구,200603,4925
27000,대구,200604,4377
27000,대구,200605,3838
27000,대구,200606,3389
27000,대구,200607,2781
27000,대구,200608,2454
27000,대구,200609,3632
27000,대구,200610,3837
27000,대구,200611,5234
27000,대구,200612,6581
27000,대구,200701,4344
27000,대구,200702,2877
27000,대구,200703,3471
27000,대구,200704,4055
27000,대구,200705,3802
27000,대구,200706,3727
27000,대구,200707,2908
27000,대구,200708,3814
27000,대구,200709,2338
27000,대구,200710,3449
27000,대구,200711,3697
27000,대구,200712,4466
27000,대구,200801,5545
27000,대구,200802,3696
27000,대구,200803,4093
27000,대구,200804,4099
27000,대구,200805,3356
27000,대구,200806,3422
27000,대구,200807,3910
27000,대구,200808,3187
27000,대구,200809,3696
27000,대구,200810,3923
27000,대구,200811,3424
27000,대구,200812,3166
27000,대구,200901,2490
27000,대구,200902,3049
27000,대구,200903,5007
27000,대구,200904,3318
27000,대구,200905,3944
27000,대구,200906,4298
27000,대구,200907,3452
27000,대구,200908,3844
27000,대구,200909,4574
27000,대구,200910,4115
27000,대구,200911,3361
27000,대구,200912,3500
27000,대구,201001,2723
27000,대구,201002,4149
27000,대구,201003,3735
27000,대구,201004,3374
27000,대구,201005,2925
27000,대구,201006,2505
27000,대구,201007,2568
27000,대구,201008,2840
27000,대구,201009,3325
27000,대구,201010,3577
27000,대구,201011,4398
27000,대구,201012,5652
27000,대구,201101,3811
27000,대구,201102,4619
27000,대구,201103,5453
27000,대구,201104,5602
27000,대구,201105,4853
27000,대구,201106,5002
27000,대구,201107,5105
27000,대구,201108,4868
27000,대구,201109,4918
27000,대구,201110,4886
27000,대구,201111,5079
27000,대구,201112,6881
27000,대구,201201,1870
27000,대구,201202,4841
27000,대구,201203,5163
27000,대구,201204,4769
27000,대구,201205,4245
27000,대구,201206,3578
27000,대구,201207,3515
27000,대구,201208,3544
27000,대구,201209,3884
27000,대구,201210,5729
27000,대구,201211,5765
27000,대구,201212,7923
27000,대구,201301,2526
27000,대구,201302,3782
27000,대구,201303,4744
27000,대구,201304,6351
27000,대구,201305,7375
27000,대구,201306,10752
27000,대구,201307,4538
27000,대구,201308,4263
27000,대구,201309,4189
27000,대구,201310,6102
27000,대구,201311,6416
27000,대구,201312,7464
27000,대구,201401,6248
27000,대구,201402,6432
27000,대구,201403,5984
27000,대구,201404,6371
27000,대구,201405,5125
27000,대구,201406,5435
27000,대구,201407,4855
27000,대구,201408,5389
27000,대구,201409,4741
27000,대구,201410,6182
27000,대구,201411,5734
27000,대구,201412,5535
27000,대구,201501,5254
27000,대구,201502,5637
27000,대구,201503,7603
27000,대구,201504,7677
27000,대구,201505,6245
27000,대구,201506,6406
27000,대구,201507,8102
27000,대구,201508,5025
27000,대구,201509,4523
27000,대구,201510,4576
27000,대구,201511,4016
27000,대구,201512,3604
27000,대구,201601,2535
27000,대구,201602,3239
27000,대구,201603,3573
27000,대구,201604,4575
27000,대구,201605,3770
27000,대구,201606,5046
27000,대구,201607,4650
27000,대구,201608,5166
27000,대구,201609,5495
27000,대구,201610,6009
27000,대구,201611,5936
27000,대구,201612,5193
27000,대구,201701,3583
27000,대구,201702,4020
27000,대구,201703,4601
27000,대구,201704,4404
27000,대구,201705,4688
27000,대구,201706,6599
27000,대구,201707,8051
27000,대구,201708,8004
27000,대구,201709,7094
27000,대구,201710,4550
27000,대구,201711,5381
27000,대구,201712,4435
27000,대구,201801,4538
27000,대구,201802,4092
27000,대구,201803,5291
27000,대구,201804,4457
27000,대구,201805,6084
27000,대구,201806,6490
27000,대구,201807,5473
27000,대구,201808,5473
27000,대구,201809,6293
27000,대구,201810,5660
27000,대구,201811,5816
27000,대구,201812,4833
27000,대구,201901,6765
27000,대구,201902,4553
27000,대구,201903,5500
28000,인천,200601,2143
28000,인천,200602,3948
28000,인천,200603,4482
28000,인천,200604,4134
28000,인천,200605,4216
28000,인천,200606,4732
28000,인천,200607,4043
28000,인천,200608,3191
28000,인천,200609,5485
28000,인천,200610,6528
28000,인천,200611,10611
28000,인천,200612,7109
28000,인천,200701,3768
28000,인천,200702,4706
28000,인천,200703,5273
28000,인천,200704,4496
28000,인천,200705,4735
28000,인천,200706,4685
28000,인천,200707,5123
28000,인천,200708,5475
28000,인천,200709,5873
28000,인천,200710,6540
28000,인천,200711,5662
28000,인천,200712,5482
28000,인천,200801,4474
28000,인천,200802,4483
28000,인천,200803,6345
28000,인천,200804,7441
28000,인천,200805,5842
28000,인천,200806,5066
28000,인천,200807,6452
28000,인천,200808,3738
28000,인천,200809,3655
28000,인천,200810,3027
28000,인천,200811,2943
28000,인천,200812,2850
28000,인천,200901,1926
28000,인천,200902,2942
28000,인천,200903,3640
28000,인천,200904,4225
28000,인천,200905,3105
28000,인천,200906,3764
28000,인천,200907,4548
28000,인천,200908,4062
28000,인천,200909,6146
28000,인천,200910,6172
28000,인천,200911,3831
28000,인천,200912,3053
28000,인천,201001,1956
28000,인천,201002,2327
28000,인천,201003,3051
28000,인천,201004,2721
28000,인천,201005,2369
28000,인천,201006,2331
28000,인천,201007,2545
28000,인천,201008,2592
28000,인천,201009,2948
28000,인천,201010,3768
28000,인천,201011,3630
28000,인천,201012,4962
28000,인천,201101,4605
28000,인천,201102,5068
28000,인천,201103,6517
28000,인천,201104,4552
28000,인천,201105,4498
28000,인천,201106,4424
28000,인천,201107,5206
28000,인천,201108,3970
28000,인천,201109,3605
28000,인천,201110,3777
28000,인천,201111,3751
28000,인천,201112,4538
28000,인천,201201,2398
28000,인천,201202,2382
28000,인천,201203,3003
28000,인천,201204,3344
28000,인천,201205,3995
28000,인천,201206,3381
28000,인천,201207,3398
28000,인천,201208,4025
28000,인천,201209,3548
28000,인천,201210,5569
28000,인천,201211,4996
28000,인천,201212,5728
28000,인천,201301,2409
28000,인천,201302,2364
28000,인천,201303,3753
28000,인천,201304,4684
28000,인천,201305,5224
28000,인천,201306,6647
28000,인천,201307,2462
28000,인천,201308,2496
28000,인천,201309,3087
28000,인천,201310,5090
28000,인천,201311,5147
28000,인천,201312,4881
28000,인천,201401,3201
28000,인천,201402,4992
28000,인천,201403,5130
28000,인천,201404,5571
28000,인천,201405,4721
28000,인천,201406,4095
28000,인천,201407,4022
28000,인천,201408,4567
28000,인천,201409,5522
28000,인천,201410,7635
28000,인천,201411,6421
28000,인천,201412,4578
28000,인천,201501,3644
28000,인천,201502,4108
28000,인천,201503,6447
28000,인천,201504,6576
28000,인천,201505,6377
28000,인천,201506,6235
28000,인천,201507,7116
28000,인천,201508,6517
28000,인천,201509,6031
28000,인천,201510,6822
28000,인천,201511,5881
28000,인천,201512,5181
28000,인천,201601,3570
28000,인천,201602,2828
28000,인천,201603,3686
28000,인천,201604,4668
28000,인천,201605,5630
28000,인천,201606,5864
28000,인천,201607,7502
28000,인천,201608,7764
28000,인천,201609,6288
28000,인천,201610,7163
28000,인천,201611,6972
28000,인천,201612,3987
28000,인천,201701,3294
28000,인천,201702,3575
28000,인천,201703,5845
28000,인천,201704,5337
28000,인천,201705,6384
28000,인천,201706,6188
28000,인천,201707,6760
28000,인천,201708,10341
28000,인천,201709,8883
28000,인천,201710,7466
28000,인천,201711,7367
28000,인천,201712,6638
28000,인천,201801,8627
28000,인천,201802,6760
28000,인천,201803,5879
28000,인천,201804,7474
28000,인천,201805,9482
28000,인천,201806,6420
28000,인천,201807,3974
28000,인천,201808,4660
28000,인천,201809,5246
28000,인천,201810,6748
28000,인천,201811,6467
28000,인천,201812,6984
28000,인천,201901,6769
28000,인천,201902,8308
28000,인천,201903,8734
29000,광주,200601,3782
29000,광주,200602,3928
29000,광주,200603,5297
29000,광주,200604,4446
29000,광주,200605,3000
29000,광주,200606,3925
29000,광주,200607,2629
29000,광주,200608,2176
29000,광주,200609,3438
29000,광주,200610,3225
29000,광주,200611,6483
29000,광주,200612,4192
29000,광주,200701,3055
29000,광주,200702,2493
29000,광주,200703,2998
29000,광주,200704,3244
29000,광주,200705,4146
29000,광주,200706,2544
29000,광주,200707,2799
29000,광주,200708,2550
29000,광주,200709,2194
29000,광주,200710,3204
29000,광주,200711,2586
29000,광주,200712,2989
29000,광주,200801,3671
29000,광주,200802,2749
29000,광주,200803,2863
29000,광주,200804,3285
29000,광주,200805,2976
29000,광주,200806,2472
29000,광주,200807,2802
29000,광주,200808,2512
29000,광주,200809,3144
29000,광주,200810,3252
29000,광주,200811,2556
29000,광주,200812,2174
29000,광주,200901,2575
29000,광주,200902,3381
29000,광주,200903,5181
29000,광주,200904,4214
29000,광주,200905,3179
29000,광주,200906,2849
29000,광주,200907,4622
29000,광주,200908,3965
29000,광주,200909,3250
29000,광주,200910,3653
29000,광주,200911,3303
29000,광주,200912,3717
29000,광주,201001,2480
29000,광주,201002,3325
29000,광주,201003,3653
29000,광주,201004,2907
29000,광주,201005,3009
29000,광주,201006,2505
29000,광주,201007,3075
29000,광주,201008,2850
29000,광주,201009,2410
29000,광주,201010,3052
29000,광주,201011,2979
29000,광주,201012,3548
29000,광주,201101,2455
29000,광주,201102,3020
29000,광주,201103,3821
29000,광주,201104,4309
29000,광주,201105,3157
29000,광주,201106,3181
29000,광주,201107,3576
29000,광주,201108,3794
29000,광주,201109,3111
29000,광주,201110,3446
29000,광주,201111,3256
29000,광주,201112,5810
29000,광주,201201,1675
29000,광주,201202,2311
29000,광주,201203,2507
29000,광주,201204,2420
29000,광주,201205,2574
29000,광주,201206,1956
29000,광주,201207,2203
29000,광주,201208,3103
29000,광주,201209,3228
29000,광주,201210,3469
29000,광주,201211,3024
29000,광주,201212,5013
29000,광주,201301,1367
29000,광주,201302,2712
29000,광주,201303,3082
29000,광주,201304,3791
29000,광주,201305,3534
29000,광주,201306,6465
29000,광주,201307,2536
29000,광주,201308,2915
29000,광주,201309,3202
29000,광주,201310,3873
29000,광주,201311,3915
29000,광주,201312,4647
29000,광주,201401,3608
29000,광주,201402,4456
29000,광주,201403,3886
29000,광주,201404,4594
29000,광주,201405,3463
29000,광주,201406,3968
29000,광주,201407,5872
29000,광주,201408,4346
29000,광주,201409,5175
29000,광주,201410,5151
29000,광주,201411,4682
29000,광주,201412,3664
29000,광주,201501,4815
29000,광주,201502,4562
29000,광주,201503,5412
29000,광주,201504,6005
29000,광주,201505,4544
29000,광주,201506,3482
29000,광주,201507,2908
29000,광주,201508,2826
29000,광주,201509,2760
29000,광주,201510,3198
29000,광주,201511,3286
29000,광주,201512,3114
29000,광주,201601,2148
29000,광주,201602,2208
29000,광주,201603,2743
29000,광주,201604,2837
29000,광주,201605,2751
29000,광주,201606,3049
29000,광주,201607,3243
29000,광주,201608,3320
29000,광주,201609,3185
29000,광주,201610,3577
29000,광주,201611,3431
29000,광주,201612,3645
29000,광주,201701,3058
29000,광주,201702,3245
29000,광주,201703,3324
29000,광주,201704,3504
29000,광주,201705,5442
29000,광주,201706,4224
29000,광주,201707,4109
29000,광주,201708,3689
29000,광주,201709,4396
29000,광주,201710,3643
29000,광주,201711,3646
29000,광주,201712,6386
29000,광주,201801,7835
29000,광주,201802,5114
29000,광주,201803,4332
29000,광주,201804,4018
29000,광주,201805,3292
29000,광주,201806,3469
29000,광주,201807,3445
29000,광주,201808,3403
29000,광주,201809,3943
29000,광주,201810,5138
29000,광주,201811,3435
29000,광주,201812,3368
29000,광주,201901,2605
29000,광주,201902,2582
29000,광주,201903,3271
30000,대전,200601,2112
30000,대전,200602,3072
30000,대전,200603,5838
30000,대전,200604,3123
30000,대전,200605,2219
30000,대전,200606,1592
30000,대전,200607,1695
30000,대전,200608,1555
30000,대전,200609,3429
30000,대전,200610,2444
30000,대전,200611,2767
30000,대전,200612,2323
30000,대전,200701,2222
30000,대전,200702,2826
30000,대전,200703,3202
30000,대전,200704,1933
30000,대전,200705,1399
30000,대전,200706,1483
30000,대전,200707,1835
30000,대전,200708,2472
30000,대전,200709,1422
30000,대전,200710,1813
30000,대전,200711,2411
30000,대전,200712,2076
30000,대전,200801,2515
30000,대전,200802,2947
30000,대전,200803,3155
30000,대전,200804,2467
30000,대전,200805,2059
30000,대전,200806,2283
30000,대전,200807,2421
30000,대전,200808,2126
30000,대전,200809,2195
30000,대전,200810,1903
30000,대전,200811,1596
30000,대전,200812,1465
30000,대전,200901,1413
30000,대전,200902,1988
30000,대전,200903,2985
30000,대전,200904,2252
30000,대전,200905,2170
30000,대전,200906,2618
30000,대전,200907,2633
30000,대전,200908,2644
30000,대전,200909,3472
30000,대전,200910,2929
30000,대전,200911,2934
30000,대전,200912,2648
30000,대전,201001,2084
30000,대전,201002,2658
30000,대전,201003,2672
30000,대전,201004,2222
30000,대전,201005,1933
30000,대전,201006,2054
30000,대전,201007,2287
30000,대전,201008,2596
30000,대전,201009,2756
30000,대전,201010,3161
30000,대전,201011,3947
30000,대전,201012,4249
30000,대전,201101,3014
30000,대전,201102,3159
30000,대전,201103,3662
30000,대전,201104,2656
30000,대전,201105,2516
30000,대전,201106,3746
30000,대전,201107,3986
30000,대전,201108,3520
30000,대전,201109,3140
30000,대전,201110,3404
30000,대전,201111,3651
30000,대전,201112,6184
30000,대전,201201,3327
30000,대전,201202,2754
30000,대전,201203,2989
30000,대전,201204,1660
30000,대전,201205,1674
30000,대전,201206,1910
30000,대전,201207,1948
30000,대전,201208,1695
30000,대전,201209,1337
30000,대전,201210,2340
30000,대전,201211,2429
30000,대전,201212,3072
30000,대전,201301,975
30000,대전,201302,1654
30000,대전,201303,2178
30000,대전,201304,2142
30000,대전,201305,2557
30000,대전,201306,3586
30000,대전,201307,1790
30000,대전,201308,1709
30000,대전,201309,1940
30000,대전,201310,3496
30000,대전,201311,4323
30000,대전,201312,3387
30000,대전,201401,2211
30000,대전,201402,3079
30000,대전,201403,3677
30000,대전,201404,3558
30000,대전,201405,2848
30000,대전,201406,2432
30000,대전,201407,2778
30000,대전,201408,2775
30000,대전,201409,3038
30000,대전,201410,3762
30000,대전,201411,2960
30000,대전,201412,2949
30000,대전,201501,2852
30000,대전,201502,2800
30000,대전,201503,2916
30000,대전,201504,2539
30000,대전,201505,2061
30000,대전,201506,2272
30000,대전,201507,3170
30000,대전,201508,2470
30000,대전,201509,2339
30000,대전,201510,3030
30000,대전,201511,2439
30000,대전,201512,2851
30000,대전,201601,2015
30000,대전,201602,2089
30000,대전,201603,2268
30000,대전,201604,2219
30000,대전,201605,2377
30000,대전,201606,2399
30000,대전,201607,2884
30000,대전,201608,2950
30000,대전,201609,2745
30000,대전,201610,3557
30000,대전,201611,3498
30000,대전,201612,3203
30000,대전,201701,2348
30000,대전,201702,2324
30000,대전,201703,3944
30000,대전,201704,2698
30000,대전,201705,2723
30000,대전,201706,3211
30000,대전,201707,3032
30000,대전,201708,3304
30000,대전,201709,3532
30000,대전,201710,3169
30000,대전,201711,2913
30000,대전,201712,2426
30000,대전,201801,3763
30000,대전,201802,4490
30000,대전,201803,2676
30000,대전,201804,2635
30000,대전,201805,3106
30000,대전,201806,2674
30000,대전,201807,2456
30000,대전,201808,3067
30000,대전,201809,4804
30000,대전,201810,3962
30000,대전,201811,3766
30000,대전,201812,3162
30000,대전,201901,4012
30000,대전,201902,1921
30000,대전,201903,2310
31000,울산,200601,1435
31000,울산,200602,2388
31000,울산,200603,2531
31000,울산,200604,2479
31000,울산,200605,2927
31000,울산,200606,3248
31000,울산,200607,2630
31000,울산,200608,1907
31000,울산,200609,2392
31000,울산,200610,2902
31000,울산,200611,3540
31000,울산,200612,3303
31000,울산,200701,2522
31000,울산,200702,1653
31000,울산,200703,1717
31000,울산,200704,1580
31000,울산,200705,1543
31000,울산,200706,1446
31000,울산,200707,2199
31000,울산,200708,2535
31000,울산,200709,1470
31000,울산,200710,3340
31000,울산,200711,2943
31000,울산,200712,3036
31000,울산,200801,4085
31000,울산,200802,3089
31000,울산,200803,3151
31000,울산,200804,3066
31000,울산,200805,2559
31000,울산,200806,2764
31000,울산,200807,2711
31000,울산,200808,1943
31000,울산,200809,1335
31000,울산,200810,1396
31000,울산,200811,981
31000,울산,200812,1394
31000,울산,200901,1254
31000,울산,200902,1306
31000,울산,200903,1592
31000,울산,200904,1808
31000,울산,200905,2130
31000,울산,200906,1949
31000,울산,200907,1750
31000,울산,200908,1602
31000,울산,200909,1961
31000,울산,200910,1827
31000,울산,200911,1794
31000,울산,200912,1853
31000,울산,201001,1520
31000,울산,201002,1539
31000,울산,201003,3556
31000,울산,201004,2770
31000,울산,201005,2348
31000,울산,201006,2510
31000,울산,201007,2572
31000,울산,201008,2208
31000,울산,201009,1555
31000,울산,201010,1809
31000,울산,201011,2828
31000,울산,201012,3807
31000,울산,201101,2303
31000,울산,201102,2508
31000,울산,201103,3071
31000,울산,201104,2821
31000,울산,201105,3127
31000,울산,201106,2332
31000,울산,201107,2906
31000,울산,201108,2690
31000,울산,201109,2280
31000,울산,201110,2506
31000,울산,201111,3055
31000,울산,201112,3711
31000,울산,201201,1010
31000,울산,201202,2054
31000,울산,201203,2617
31000,울산,201204,2412
31000,울산,201205,2617
31000,울산,201206,2703
31000,울산,201207,1843
31000,울산,201208,3246
31000,울산,201209,1610
31000,울산,201210,1967
31000,울산,201211,2117
31000,울산,201212,2859
31000,울산,201301,841
31000,울산,201302,1282
31000,울산,201303,1928
31000,울산,201304,2389
31000,울산,201305,7398
31000,울산,201306,4241
31000,울산,201307,2479
31000,울산,201308,3151
31000,울산,201309,1783
31000,울산,201310,2823
31000,울산,201311,2939
31000,울산,201312,3856
31000,울산,201401,2819
31000,울산,201402,2933
31000,울산,201403,3415
31000,울산,201404,4208
31000,울산,201405,3365
31000,울산,201406,3190
31000,울산,201407,3105
31000,울산,201408,2865
31000,울산,201409,3331
31000,울산,201410,3671
31000,울산,201411,3227
31000,울산,201412,4462
31000,울산,201501,3760
31000,울산,201502,2402
31000,울산,201503,3006
31000,울산,201504,4373
31000,울산,201505,4673
31000,울산,201506,4039
31000,울산,201507,3846
31000,울산,201508,2473
31000,울산,201509,2391
31000,울산,201510,3084
31000,울산,201511,3852
31000,울산,201512,3468
31000,울산,201601,2460
31000,울산,201602,2290
31000,울산,201603,2768
31000,울산,201604,3112
31000,울산,201605,2805
31000,울산,201606,2916
31000,울산,201607,2004
31000,울산,201608,1714
31000,울산,201609,1683
31000,울산,201610,1743
31000,울산,201611,2079
31000,울산,201612,2232
31000,울산,201701,1891
31000,울산,201702,2034
31000,울산,201703,2333
31000,울산,201704,2243
31000,울산,201705,2265
31000,울산,201706,2197
31000,울산,201707,2355
31000,울산,201708,2226
31000,울산,201709,1873
31000,울산,201710,2075
31000,울산,201711,3156
31000,울산,201712,2308
31000,울산,201801,3314
31000,울산,201802,1893
31000,울산,201803,2968
31000,울산,201804,1601
31000,울산,201805,1870
31000,울산,201806,1939
31000,울산,201807,1574
31000,울산,201808,1573
31000,울산,201809,1911
31000,울산,201810,1291
31000,울산,201811,1686
31000,울산,201812,1961
31000,울산,201901,2488
31000,울산,201902,2230
31000,울산,201903,3299
41000,경기,200601,17630
41000,경기,200602,20561
41000,경기,200603,28400
41000,경기,200604,25277
41000,경기,200605,27199
41000,경기,200606,23842
41000,경기,200607,18705
41000,경기,200608,17087
41000,경기,200609,31661
41000,경기,200610,37995
41000,경기,200611,50872
41000,경기,200612,31130
41000,경기,200701,21694
41000,경기,200702,15055
41000,경기,200703,16488
41000,경기,200704,16715
41000,경기,200705,14223
41000,경기,200706,15347
41000,경기,200707,17321
41000,경기,200708,16649
41000,경기,200709,14074
41000,경기,200710,20732
41000,경기,200711,20821
41000,경기,200712,13958
41000,경기,200801,14313
41000,경기,200802,13084
41000,경기,200803,18772
41000,경기,200804,22176
41000,경기,200805,20358
41000,경기,200806,19907
41000,경기,200807,20326
41000,경기,200808,13406
41000,경기,200809,12562
41000,경기,200810,11176
41000,경기,200811,9833
41000,경기,200812,9887
41000,경기,200901,8214
41000,경기,200902,13957
41000,경기,200903,16975
41000,경기,200904,19036
41000,경기,200905,18691
41000,경기,200906,19205
41000,경기,200907,21481
41000,경기,200908,20633
41000,경기,200909,24856
41000,경기,200910,22676
41000,경기,200911,19036
41000,경기,200912,19975
41000,경기,201001,13605
41000,경기,201002,13752
41000,경기,201003,17220
41000,경기,201004,15434
41000,경기,201005,13129
41000,경기,201006,14791
41000,경기,201007,14027
41000,경기,201008,12350
41000,경기,201009,11654
41000,경기,201010,15409
41000,경기,201011,18020
41000,경기,201012,22967
41000,경기,201101,17766
41000,경기,201102,16784
41000,경기,201103,21236
41000,경기,201104,16661
41000,경기,201105,14557
41000,경기,201106,13172
41000,경기,201107,13818
41000,경기,201108,14635
41000,경기,201109,16619
41000,경기,201110,16305
41000,경기,201111,15502
41000,경기,201112,21562
41000,경기,201201,7088
41000,경기,201202,10506
41000,경기,201203,14664
41000,경기,201204,13327
41000,경기,201205,12516
41000,경기,201206,10892
41000,경기,201207,11716
41000,경기,201208,10358
41000,경기,201209,9774
41000,경기,201210,15373
41000,경기,201211,15456
41000,경기,201212,21999
41000,경기,201301,10960
41000,경기,201302,11648
41000,경기,201303,13090
41000,경기,201304,16960
41000,경기,201305,19604
41000,경기,201306,25411
41000,경기,201307,12698
41000,경기,201308,11184
41000,경기,201309,13818
41000,경기,201310,22437
41000,경기,201311,19468
41000,경기,201312,21364
41000,경기,201401,15865
41000,경기,201402,19584
41000,경기,201403,21933
41000,경기,201404,20199
41000,경기,201405,16582
41000,경기,201406,15163
41000,경기,201407,18100
41000,경기,201408,18993
41000,경기,201409,21776
41000,경기,201410,27743
41000,경기,201411,21053
41000,경기,201412,20069
41000,경기,201501,19358
41000,경기,201502,19990
41000,경기,201503,29483
41000,경기,201504,30831
41000,경기,201505,26395
41000,경기,201506,26188
41000,경기,201507,24921
41000,경기,201508,23257
41000,경기,201509,24784
41000,경기,201510,27260
41000,경기,201511,26147
41000,경기,201512,22267
41000,경기,201601,17872
41000,경기,201602,16358
41000,경기,201603,21759
41000,경기,201604,22587
41000,경기,201605,23035
41000,경기,201606,26342
41000,경기,201607,29407
41000,경기,201608,31343
41000,경기,201609,28250
41000,경기,201610,34022
41000,경기,201611,29694
41000,경기,201612,28401
41000,경기,201701,19462
41000,경기,201702,18197
41000,경기,201703,25510
41000,경기,201704,24267
41000,경기,201705,27063
41000,경기,201706,34668
41000,경기,201707,42165
41000,경기,201708,43588
41000,경기,201709,39768
41000,경기,201710,36636
41000,경기,201711,37182
41000,경기,201712,34898
41000,경기,201801,38380
41000,경기,201802,37364
41000,경기,201803,44376
41000,경기,201804,32841
41000,경기,201805,31594
41000,경기,201806,33749
41000,경기,201807,40810
41000,경기,201808,39819
41000,경기,201809,42811
41000,경기,201810,48660
41000,경기,201811,33136
41000,경기,201812,23726
41000,경기,201901,29746
41000,경기,201902,26341
41000,경기,201903,30477
42000,강원,200601,1982
42000,강원,200602,2690
42000,강원,200603,3307
42000,강원,200604,2224
42000,강원,200605,2474
42000,강원,200606,2397
42000,강원,200607,2036
42000,강원,200608,1571
42000,강원,200609,2409
42000,강원,200610,2374
42000,강원,200611,3880
42000,강원,200612,2308
42000,강원,200701,2160
42000,강원,200702,1512
42000,강원,200703,2554
42000,강원,200704,1817
42000,강원,200705,1523
42000,강원,200706,1579
42000,강원,200707,1491
42000,강원,200708,2708
42000,강원,200709,2287
42000,강원,200710,3821
42000,강원,200711,2335
42000,강원,200712,1802
42000,강원,200801,1993
42000,강원,200802,2585
42000,강원,200803,3606
42000,강원,200804,3402
42000,강원,200805,2919
42000,강원,200806,3445
42000,강원,200807,3458
42000,강원,200808,2479
42000,강원,200809,2505
42000,강원,200810,2174
42000,강원,200811,2019
42000,강원,200812,2503
42000,강원,200901,1060
42000,강원,200902,1726
42000,강원,200903,1858
42000,강원,200904,1662
42000,강원,200905,1535
42000,강원,200906,2795
42000,강원,200907,2211
42000,강원,200908,2720
42000,강원,200909,3052
42000,강원,200910,2483
42000,강원,200911,2576
42000,강원,200912,1945
42000,강원,201001,1661
42000,강원,201002,1933
42000,강원,201003,1975
42000,강원,201004,2135
42000,강원,201005,1739
42000,강원,201006,1882
42000,강원,201007,1611
42000,강원,201008,1687
42000,강원,201009,1952
42000,강원,201010,2896
42000,강원,201011,2433
42000,강원,201012,2328
42000,강원,201101,1889
42000,강원,201102,2039
42000,강원,201103,2472
42000,강원,201104,2592
42000,강원,201105,2629
42000,강원,201106,2399
42000,강원,201107,2314
42000,강원,201108,2564
42000,강원,201109,2388
42000,강원,201110,2355
42000,강원,201111,2544
42000,강원,201112,3096
42000,강원,201201,1650
42000,강원,201202,2199
42000,강원,201203,2062
42000,강원,201204,1837
42000,강원,201205,3292
42000,강원,201206,1567
42000,강원,201207,2131
42000,강원,201208,1228
42000,강원,201209,1150
42000,강원,201210,1701
42000,강원,201211,2123
42000,강원,201212,2700
42000,강원,201301,1185
42000,강원,201302,1732
42000,강원,201303,1958
42000,강원,201304,2160
42000,강원,201305,3228
42000,강원,201306,3940
42000,강원,201307,1409
42000,강원,201308,1329
42000,강원,201309,1437
42000,강원,201310,2269
42000,강원,201311,1893
42000,강원,201312,2774
42000,강원,201401,1533
42000,강원,201402,2697
42000,강원,201403,2561
42000,강원,201404,2563
42000,강원,201405,2477
42000,강원,201406,2652
42000,강원,201407,2662
42000,강원,201408,3296
42000,강원,201409,2789
42000,강원,201410,3481
42000,강원,201411,2747
42000,강원,201412,2636
42000,강원,201501,1862
42000,강원,201502,2069
42000,강원,201503,2679
42000,강원,201504,2518
42000,강원,201505,2220
42000,강원,201506,2945
42000,강원,201507,3157
42000,강원,201508,2286
42000,강원,201509,2346
42000,강원,201510,2595
42000,강원,201511,2700
42000,강원,201512,3288
42000,강원,201601,3240
42000,강원,201602,2616
42000,강원,201603,3035
42000,강원,201604,4338
42000,강원,201605,7519
42000,강원,201606,3255
42000,강원,201607,2567
42000,강원,201608,2870
42000,강원,201609,3447
42000,강원,201610,3306
42000,강원,201611,4541
42000,강원,201612,3842
42000,강원,201701,2712
42000,강원,201702,3312
42000,강원,201703,2895
42000,강원,201704,3475
42000,강원,201705,4255
42000,강원,201706,2958
42000,강원,201707,2690
42000,강원,201708,3755
42000,강원,201709,4417
42000,강원,201710,2909
42000,강원,201711,4218
42000,강원,201712,4116
42000,강원,201801,4917
42000,강원,201802,3630
42000,강원,201803,4525
42000,강원,201804,2797
42000,강원,201805,4227
42000,강원,201806,2779
42000,강원,201807,2481
42000,강원,201808,4246
42000,강원,201809,2544
42000,강원,201810,3847
42000,강원,201811,2837
42000,강원,201812,3174
42000,강원,201901,3809
42000,강원,201902,2391
42000,강원,201903,2640
43000,충북,200601,1383
43000,충북,200602,3003
43000,충북,200603,2964
43000,충북,200604,1804
43000,충북,200605,2051
43000,충북,200606,3648
43000,충북,200607,4178
43000,충북,200608,2540
43000,충북,200609,2743
43000,충북,200610,2258
43000,충북,200611,2535
43000,충북,200612,2569
43000,충북,200701,2783
43000,충북,200702,2235
43000,충북,200703,2958
43000,충북,200704,2426
43000,충북,200705,3171
43000,충북,200706,1946
43000,충북,200707,1988
43000,충북,200708,2560
43000,충북,200709,1867
43000,충북,200710,2403
43000,충북,200711,2820
43000,충북,200712,3617
43000,충북,200801,2601
43000,충북,200802,2882
43000,충북,200803,2769
43000,충북,200804,3089
43000,충북,200805,3032
43000,충북,200806,2776
43000,충북,200807,3836
43000,충북,200808,2904
43000,충북,200809,3595
43000,충북,200810,3481
43000,충북,200811,2238
43000,충북,200812,1467
43000,충북,200901,1729
43000,충북,200902,1760
43000,충북,200903,2387
43000,충북,200904,2168
43000,충북,200905,2203
43000,충북,200906,3502
43000,충북,200907,2553
43000,충북,200908,3137
43000,충북,200909,2736
43000,충북,200910,3227
43000,충북,200911,3145
43000,충북,200912,2243
43000,충북,201001,2101
43000,충북,201002,2174
43000,충북,201003,2886
43000,충북,201004,2807
43000,충북,201005,2063
43000,충북,201006,2716
43000,충북,201007,2419
43000,충북,201008,2043
43000,충북,201009,1918
43000,충북,201010,2719
43000,충북,201011,2868
43000,충북,201012,3310
43000,충북,201101,2821
43000,충북,201102,2615
43000,충북,201103,3345
43000,충북,201104,2929
43000,충북,201105,2563
43000,충북,201106,2585
43000,충북,201107,2434
43000,충북,201108,2274
43000,충북,201109,2023
43000,충북,201110,2308
43000,충북,201111,2375
43000,충북,201112,3221
43000,충북,201201,1079
43000,충북,201202,1922
43000,충북,201203,2079
43000,충북,201204,2090
43000,충북,201205,2397
43000,충북,201206,2357
43000,충북,201207,2115
43000,충북,201208,2238
43000,충북,201209,1830
43000,충북,201210,2527
43000,충북,201211,2501
43000,충북,201212,3955
43000,충북,201301,1071
43000,충북,201302,1776
43000,충북,201303,2560
43000,충북,201304,2872
43000,충북,201305,2251
43000,충북,201306,4543
43000,충북,201307,2195
43000,충북,201308,2150
43000,충북,201309,1642
43000,충북,201310,3315
43000,충북,201311,1949
43000,충북,201312,2231
43000,충북,201401,1694
43000,충북,201402,2420
43000,충북,201403,2705
43000,충북,201404,3167
43000,충북,201405,2844
43000,충북,201406,3031
43000,충북,201407,3062
43000,충북,201408,2491
43000,충북,201409,2634
43000,충북,201410,2685
43000,충북,201411,3796
43000,충북,201412,2830
43000,충북,201501,2633
43000,충북,201502,2242
43000,충북,201503,2956
43000,충북,201504,2478
43000,충북,201505,2497
43000,충북,201506,2283
43000,충북,201507,3469
43000,충북,201508,3229
43000,충북,201509,2002
43000,충북,201510,2497
43000,충북,201511,2074
43000,충북,201512,2440
43000,충북,201601,2863
43000,충북,201602,3228
43000,충북,201603,3333
43000,충북,201604,2693
43000,충북,201605,2612
43000,충북,201606,2555
43000,충북,201607,2858
43000,충북,201608,2629
43000,충북,201609,2852
43000,충북,201610,2930
43000,충북,201611,3349
43000,충북,201612,2626
43000,충북,201701,3020
43000,충북,201702,2589
43000,충북,201703,2996
43000,충북,201704,3073
43000,충북,201705,2901
43000,충북,201706,2852
43000,충북,201707,3596
43000,충북,201708,3611
43000,충북,201709,2881
43000,충북,201710,2633
43000,충북,201711,3402
43000,충북,201712,3433
43000,충북,201801,4289
43000,충북,201802,4027
43000,충북,201803,4239
43000,충북,201804,3501
43000,충북,201805,3468
43000,충북,201806,3268
43000,충북,201807,3547
43000,충북,201808,2810
43000,충북,201809,3043
43000,충북,201810,4881
43000,충북,201811,5399
43000,충북,201812,3213
43000,충북,201901,2901
43000,충북,201902,2305
43000,충북,201903,2204
44000,충남,200601,2558
44000,충남,200602,3501
44000,충남,200603,4268
44000,충남,200604,3574
44000,충남,200605,2893
44000,충남,200606,2698
44000,충남,200607,1900
44000,충남,200608,2187
44000,충남,200609,4567
44000,충남,200610,3548
44000,충남,200611,4533
44000,충남,200612,3913
44000,충남,200701,3862
44000,충남,200702,2834
44000,충남,200703,2935
44000,충남,200704,3578
44000,충남,200705,3094
44000,충남,200706,3060
44000,충남,200707,3031
44000,충남,200708,2418
44000,충남,200709,2453
44000,충남,200710,3728
44000,충남,200711,4161
44000,충남,200712,3881
44000,충남,200801,3050
44000,충남,200802,5244
44000,충남,200803,6811
44000,충남,200804,4192
44000,충남,200805,3840
44000,충남,200806,4783
44000,충남,200807,4591
44000,충남,200808,4264
44000,충남,200809,4110
44000,충남,200810,3827
44000,충남,200811,3216
44000,충남,200812,2018
44000,충남,200901,1787
44000,충남,200902,2830
44000,충남,200903,4223
44000,충남,200904,3196
44000,충남,200905,3090
44000,충남,200906,4353
44000,충남,200907,4891
44000,충남,200908,4931
44000,충남,200909,3838
44000,충남,200910,3822
44000,충남,200911,4278
44000,충남,200912,3913
44000,충남,201001,3190
44000,충남,201002,3164
44000,충남,201003,3783
44000,충남,201004,4021
44000,충남,201005,2913
44000,충남,201006,3294
44000,충남,201007,2720
44000,충남,201008,2513
44000,충남,201009,4048
44000,충남,201010,4232
44000,충남,201011,4459
44000,충남,201012,5024
44000,충남,201101,3120
44000,충남,201102,3582
44000,충남,201103,5206
44000,충남,201104,4570
44000,충남,201105,5599
44000,충남,201106,5020
44000,충남,201107,4251
44000,충남,201108,4684
44000,충남,201109,4249
44000,충남,201110,3847
44000,충남,201111,4358
44000,충남,201112,6038
44000,충남,201201,2620
44000,충남,201202,4420
44000,충남,201203,4885
44000,충남,201204,4768
44000,충남,201205,3954
44000,충남,201206,3321
44000,충남,201207,4060
44000,충남,201208,2189
44000,충남,201209,2459
44000,충남,201210,3455
44000,충남,201211,4237
44000,충남,201212,4691
44000,충남,201301,2204
44000,충남,201302,2611
44000,충남,201303,2808
44000,충남,201304,3420
44000,충남,201305,3934
44000,충남,201306,5711
44000,충남,201307,2538
44000,충남,201308,2387
44000,충남,201309,2423
44000,충남,201310,3871
44000,충남,201311,3609
44000,충남,201312,5326
44000,충남,201401,2679
44000,충남,201402,3720
44000,충남,201403,4214
44000,충남,201404,4219
44000,충남,201405,3460
44000,충남,201406,4069
44000,충남,201407,3735
44000,충남,201408,4336
44000,충남,201409,4607
44000,충남,201410,6143
44000,충남,201411,5580
44000,충남,201412,7062
44000,충남,201501,3954
44000,충남,201502,4640
44000,충남,201503,5084
44000,충남,201504,3920
44000,충남,201505,4173
44000,충남,201506,4476
44000,충남,201507,4876
44000,충남,201508,3754
44000,충남,201509,3942
44000,충남,201510,4994
44000,충남,201511,4809
44000,충남,201512,4571
44000,충남,201601,3904
44000,충남,201602,3566
44000,충남,201603,5925
44000,충남,201604,3789
44000,충남,201605,3207
44000,충남,201606,3830
44000,충남,201607,3405
44000,충남,201608,3916
44000,충남,201609,3971
44000,충남,201610,5542
44000,충남,201611,4172
44000,충남,201612,3998
44000,충남,201701,3851
44000,충남,201702,3566
44000,충남,201703,4675
44000,충남,201704,4244
44000,충남,201705,4849
44000,충남,201706,4887
44000,충남,201707,4860
44000,충남,201708,5319
44000,충남,201709,5779
44000,충남,201710,4662
44000,충남,201711,5181
44000,충남,201712,4369
44000,충남,201801,4436
44000,충남,201802,4827
44000,충남,201803,5830
44000,충남,201804,5059
44000,충남,201805,4347
44000,충남,201806,4888
44000,충남,201807,4605
44000,충남,201808,4006
44000,충남,201809,3043
44000,충남,201810,3528
44000,충남,201811,3472
44000,충남,201812,3056
44000,충남,201901,2783
44000,충남,201902,2902
44000,충남,201903,3150
45000,전북,200601,2021
45000,전북,200602,2375
45000,전북,200603,2668
45000,전북,200604,2910
45000,전북,200605,2030
45000,전북,200606,2201
45000,전북,200607,2815
45000,전북,200608,1956
45000,전북,200609,3345
45000,전북,200610,2440
45000,전북,200611,3640
45000,전북,200612,3225
45000,전북,200701,3043
45000,전북,200702,2791
45000,전북,200703,2562
45000,전북,200704,2604
45000,전북,200705,2105
45000,전북,200706,1578
45000,전북,200707,1827
45000,전북,200708,1927
45000,전북,200709,1437
45000,전북,200710,2133
45000,전북,200711,2574
45000,전북,200712,2806
45000,전북,200801,5201
45000,전북,200802,3912
45000,전북,200803,3367
45000,전북,200804,4192
45000,전북,200805,3217
45000,전북,200806,3382
45000,전북,200807,3509
45000,전북,200808,2710
45000,전북,200809,3372
45000,전북,200810,3618
45000,전북,200811,2899
45000,전북,200812,2721
45000,전북,200901,2743
45000,전북,200902,3126
45000,전북,200903,3402
45000,전북,200904,3370
45000,전북,200905,2241
45000,전북,200906,2771
45000,전북,200907,3388
45000,전북,200908,2508
45000,전북,200909,3660
45000,전북,200910,4117
45000,전북,200911,4097
45000,전북,200912,3931
45000,전북,201001,2574
45000,전북,201002,2654
45000,전북,201003,2828
45000,전북,201004,3293
45000,전북,201005,2337
45000,전북,201006,2921
45000,전북,201007,2489
45000,전북,201008,2373
45000,전북,201009,1895
45000,전북,201010,2384
45000,전북,201011,3545
45000,전북,201012,3503
45000,전북,201101,3069
45000,전북,201102,2671
45000,전북,201103,3486
45000,전북,201104,3620
45000,전북,201105,4011
45000,전북,201106,3641
45000,전북,201107,2478
45000,전북,201108,3427
45000,전북,201109,2463
45000,전북,201110,2873
45000,전북,201111,2753
45000,전북,201112,4979
45000,전북,201201,1392
45000,전북,201202,2055
45000,전북,201203,1736
45000,전북,201204,1531
45000,전북,201205,1861
45000,전북,201206,1743
45000,전북,201207,1920
45000,전북,201208,1570
45000,전북,201209,1179
45000,전북,201210,2010
45000,전북,201211,2218
45000,전북,201212,7287
45000,전북,201301,2032
45000,전북,201302,1754
45000,전북,201303,2390
45000,전북,201304,2448
45000,전북,201305,2005
45000,전북,201306,3380
45000,전북,201307,1321
45000,전북,201308,1428
45000,전북,201309,1811
45000,전북,201310,3025
45000,전북,201311,3260
45000,전북,201312,3322
45000,전북,201401,2179
45000,전북,201402,3155
45000,전북,201403,2751
45000,전북,201404,2635
45000,전북,201405,1888
45000,전북,201406,3129
45000,전북,201407,3110
45000,전북,201408,2759
45000,전북,201409,2905
45000,전북,201410,3348
45000,전북,201411,3729
45000,전북,201412,4209
45000,전북,201501,2753
45000,전북,201502,2783
45000,전북,201503,4105
45000,전북,201504,3515
45000,전북,201505,3174
45000,전북,201506,3360
45000,전북,201507,2872
45000,전북,201508,2623
45000,전북,201509,2356
45000,전북,201510,2833
45000,전북,201511,2594
45000,전북,201512,2953
45000,전북,201601,2030
45000,전북,201602,2687
45000,전북,201603,3286
45000,전북,201604,2773
45000,전북,201605,2633
45000,전북,201606,2663
45000,전북,201607,2377
45000,전북,201608,2859
45000,전북,201609,2633
45000,전북,201610,3543
45000,전북,201611,3811
45000,전북,201612,3381
45000,전북,201701,2726
45000,전북,201702,2389
45000,전북,201703,3146
45000,전북,201704,3205
45000,전북,201705,3123
45000,전북,201706,3533
45000,전북,201707,3069
45000,전북,201708,3264
45000,전북,201709,2511
45000,전북,201710,2738
45000,전북,201711,4600
45000,전북,201712,3846
45000,전북,201801,6068
45000,전북,201802,4766
45000,전북,201803,6356
45000,전북,201804,4133
45000,전북,201805,3439
45000,전북,201806,5458
45000,전북,201807,2896
45000,전북,201808,3411
45000,전북,201809,3083
45000,전북,201810,3065
45000,전북,201811,2840
45000,전북,201812,3561
45000,전북,201901,2914
45000,전북,201902,2692
45000,전북,201903,3225
46000,전남,200601,780
46000,전남,200602,1134
46000,전남,200603,1803
46000,전남,200604,1650
46000,전남,200605,2063
46000,전남,200606,2066
46000,전남,200607,1713
46000,전남,200608,1656
46000,전남,200609,2300
46000,전남,200610,1514
46000,전남,200611,1800
46000,전남,200612,1961
46000,전남,200701,1417
46000,전남,200702,1758
46000,전남,200703,1680
46000,전남,200704,1754
46000,전남,200705,1342
46000,전남,200706,1292
46000,전남,200707,1486
46000,전남,200708,1543
46000,전남,200709,1239
46000,전남,200710,2118
46000,전남,200711,2254
46000,전남,200712,2218
46000,전남,200801,2113
46000,전남,200802,1785
46000,전남,200803,2058
46000,전남,200804,1835
46000,전남,200805,2066
46000,전남,200806,2054
46000,전남,200807,1843
46000,전남,200808,1569
46000,전남,200809,1458
46000,전남,200810,4606
46000,전남,200811,3267
46000,전남,200812,1258
46000,전남,200901,1168
46000,전남,200902,1312
46000,전남,200903,1525
46000,전남,200904,1234
46000,전남,200905,1413
46000,전남,200906,1684
46000,전남,200907,1664
46000,전남,200908,1547
46000,전남,200909,1816
46000,전남,200910,2295
46000,전남,200911,2835
46000,전남,200912,4051
46000,전남,201001,2263
46000,전남,201002,1589
46000,전남,201003,2807
46000,전남,201004,2120
46000,전남,201005,1709
46000,전남,201006,1839
46000,전남,201007,3215
46000,전남,201008,1460
46000,전남,201009,2239
46000,전남,201010,2006
46000,전남,201011,2246
46000,전남,201012,3468
46000,전남,201101,1323
46000,전남,201102,2305
46000,전남,201103,3266
46000,전남,201104,3075
46000,전남,201105,2147
46000,전남,201106,1946
46000,전남,201107,1899
46000,전남,201108,2277
46000,전남,201109,2133
46000,전남,201110,3908
46000,전남,201111,2993
46000,전남,201112,4596
46000,전남,201201,1229
46000,전남,201202,1564
46000,전남,201203,2007
46000,전남,201204,1776
46000,전남,201205,3562
46000,전남,201206,2070
46000,전남,201207,1979
46000,전남,201208,1812
46000,전남,201209,1484
46000,전남,201210,2197
46000,전남,201211,2667
46000,전남,201212,3330
46000,전남,201301,1341
46000,전남,201302,2002
46000,전남,201303,2233
46000,전남,201304,2267
46000,전남,201305,2407
46000,전남,201306,3433
46000,전남,201307,1767
46000,전남,201308,1305
46000,전남,201309,1354
46000,전남,201310,2092
46000,전남,201311,2162
46000,전남,201312,2755
46000,전남,201401,2282
46000,전남,201402,2568
46000,전남,201403,2604
46000,전남,201404,2129
46000,전남,201405,1679
46000,전남,201406,2155
46000,전남,201407,2366
46000,전남,201408,2207
46000,전남,201409,2117
46000,전남,201410,2700
46000,전남,201411,2318
46000,전남,201412,2176
46000,전남,201501,1894
46000,전남,201502,2287
46000,전남,201503,2828
46000,전남,201504,3331
46000,전남,201505,3477
46000,전남,201506,4215
46000,전남,201507,3791
46000,전남,201508,3021
46000,전남,201509,2999
46000,전남,201510,2714
46000,전남,201511,2896
46000,전남,201512,2745
46000,전남,201601,2347
46000,전남,201602,1907
46000,전남,201603,2652
46000,전남,201604,2430
46000,전남,201605,2048
46000,전남,201606,2563
46000,전남,201607,2493
46000,전남,201608,2706
46000,전남,201609,2374
46000,전남,201610,3417
46000,전남,201611,4222
46000,전남,201612,2999
46000,전남,201701,2198
46000,전남,201702,2469
46000,전남,201703,2745
46000,전남,201704,2672
46000,전남,201705,2551
46000,전남,201706,2990
46000,전남,201707,2785
46000,전남,201708,3255
46000,전남,201709,2485
46000,전남,201710,2561
46000,전남,201711,3934
46000,전남,201712,3755
46000,전남,201801,5628
46000,전남,201802,2682
46000,전남,201803,5499
46000,전남,201804,3287
46000,전남,201805,2696
46000,전남,201806,3131
46000,전남,201807,2810
46000,전남,201808,2291
46000,전남,201809,2130
46000,전남,201810,3166
46000,전남,201811,3365
46000,전남,201812,3428
46000,전남,201901,3533
46000,전남,201902,2320
46000,전남,201903,2510
47000,경북,200601,4010
47000,경북,200602,4680
47000,경북,200603,4286
47000,경북,200604,3973
47000,경북,200605,3446
47000,경북,200606,3030
47000,경북,200607,3270
47000,경북,200608,2311
47000,경북,200609,3436
47000,경북,200610,3081
47000,경북,200611,4120
47000,경북,200612,4114
47000,경북,200701,3743
47000,경북,200702,2581
47000,경북,200703,3474
47000,경북,200704,3095
47000,경북,200705,3507
47000,경북,200706,3376
47000,경북,200707,2974
47000,경북,200708,2355
47000,경북,200709,2484
47000,경북,200710,3039
47000,경북,200711,3051
47000,경북,200712,3815
47000,경북,200801,2858
47000,경북,200802,2244
47000,경북,200803,2915
47000,경북,200804,2885
47000,경북,200805,2590
47000,경북,200806,3467
47000,경북,200807,2653
47000,경북,200808,2477
47000,경북,200809,2308
47000,경북,200810,3038
47000,경북,200811,2928
47000,경북,200812,2782
47000,경북,200901,2689
47000,경북,200902,2614
47000,경북,200903,3710
47000,경북,200904,3774
47000,경북,200905,2600
47000,경북,200906,2580
47000,경북,200907,3064
47000,경북,200908,3438
47000,경북,200909,2829
47000,경북,200910,2785
47000,경북,200911,2315
47000,경북,200912,2888
47000,경북,201001,2270
47000,경북,201002,3362
47000,경북,201003,4692
47000,경북,201004,3394
47000,경북,201005,2833
47000,경북,201006,2963
47000,경북,201007,2280
47000,경북,201008,2451
47000,경북,201009,2625
47000,경북,201010,2876
47000,경북,201011,4259
47000,경북,201012,4907
47000,경북,201101,3323
47000,경북,201102,3659
47000,경북,201103,5548
47000,경북,201104,4647
47000,경북,201105,3678
47000,경북,201106,4108
47000,경북,201107,3924
47000,경북,201108,4466
47000,경북,201109,3887
47000,경북,201110,4302
47000,경북,201111,4016
47000,경북,201112,6437
47000,경북,201201,1877
47000,경북,201202,3354
47000,경북,201203,4321
47000,경북,201204,3838
47000,경북,201205,3581
47000,경북,201206,2901
47000,경북,201207,2765
47000,경북,201208,2338
47000,경북,201209,2458
47000,경북,201210,3283
47000,경북,201211,2978
47000,경북,201212,5442
47000,경북,201301,2274
47000,경북,201302,2799
47000,경북,201303,3479
47000,경북,201304,4538
47000,경북,201305,5103
47000,경북,201306,5905
47000,경북,201307,2803
47000,경북,201308,3193
47000,경북,201309,2828
47000,경북,201310,4357
47000,경북,201311,3984
47000,경북,201312,5454
47000,경북,201401,4343
47000,경북,201402,4044
47000,경북,201403,3706
47000,경북,201404,4226
47000,경북,201405,3578
47000,경북,201406,3518
47000,경북,201407,4796
47000,경북,201408,4459
47000,경북,201409,4266
47000,경북,201410,4712
47000,경북,201411,4053
47000,경북,201412,9270
47000,경북,201501,7640
47000,경북,201502,4818
47000,경북,201503,6529
47000,경북,201504,8021
47000,경북,201505,5546
47000,경북,201506,5398
47000,경북,201507,6716
47000,경북,201508,5855
47000,경북,201509,4137
47000,경북,201510,4535
47000,경북,201511,5393
47000,경북,201512,5174
47000,경북,201601,5431
47000,경북,201602,4109
47000,경북,201603,4797
47000,경북,201604,4680
47000,경북,201605,4599
47000,경북,201606,3536
47000,경북,201607,3509
47000,경북,201608,3528
47000,경북,201609,3281
47000,경북,201610,3801
47000,경북,201611,4078
47000,경북,201612,4372
47000,경북,201701,3566
47000,경북,201702,3670
47000,경북,201703,4402
47000,경북,201704,3684
47000,경북,201705,3894
47000,경북,201706,5246
47000,경북,201707,6241
47000,경북,201708,6349
47000,경북,201709,7025
47000,경북,201710,4166
47000,경북,201711,4820
47000,경북,201712,4527
47000,경북,201801,3776
47000,경북,201802,3786
47000,경북,201803,4619
47000,경북,201804,5114
47000,경북,201805,3852
47000,경북,201806,3296
47000,경북,201807,4485
47000,경북,201808,3264
47000,경북,201809,3281
47000,경북,201810,4287
47000,경북,201811,4486
47000,경북,201812,3925
47000,경북,201901,4110
47000,경북,201902,3334
47000,경북,201903,3910
48000,경남,200601,4897
48000,경남,200602,4950
48000,경남,200603,4766
48000,경남,200604,4457
48000,경남,200605,4144
48000,경남,200606,3742
48000,경남,200607,3461
48000,경남,200608,3580
48000,경남,200609,5029
48000,경남,200610,5586
48000,경남,200611,7509
48000,경남,200612,6186
48000,경남,200701,4599
48000,경남,200702,4815
48000,경남,200703,4534
48000,경남,200704,4814
48000,경남,200705,4152
48000,경남,200706,3890
48000,경남,200707,4758
48000,경남,200708,3712
48000,경남,200709,3377
48000,경남,200710,5007
48000,경남,200711,4932
48000,경남,200712,5813
48000,경남,200801,6439
48000,경남,200802,5429
48000,경남,200803,5858
48000,경남,200804,5995
48000,경남,200805,5847
48000,경남,200806,5617
48000,경남,200807,5889
48000,경남,200808,5584
48000,경남,200809,4438
48000,경남,200810,6951
48000,경남,200811,3551
48000,경남,200812,5406
48000,경남,200901,5095
48000,경남,200902,5447
48000,경남,200903,4676
48000,경남,200904,5335
48000,경남,200905,4102
48000,경남,200906,4619
48000,경남,200907,5141
48000,경남,200908,4120
48000,경남,200909,4847
48000,경남,200910,5122
48000,경남,200911,5403
48000,경남,200912,7652
48000,경남,201001,5674
48000,경남,201002,5905
48000,경남,201003,6666
48000,경남,201004,6779
48000,경남,201005,5597
48000,경남,201006,5239
48000,경남,201007,4554
48000,경남,201008,4367
48000,경남,201009,4464
48000,경남,201010,6171
48000,경남,201011,6935
48000,경남,201012,9935
48000,경남,201101,6747
48000,경남,201102,6048
48000,경남,201103,5859
48000,경남,201104,6474
48000,경남,201105,5822
48000,경남,201106,5342
48000,경남,201107,5404
48000,경남,201108,4154
48000,경남,201109,3761
48000,경남,201110,4598
48000,경남,201111,5719
48000,경남,201112,6323
48000,경남,201201,2090
48000,경남,201202,4934
48000,경남,201203,4604
48000,경남,201204,4997
48000,경남,201205,5027
48000,경남,201206,3592
48000,경남,201207,4900
48000,경남,201208,3480
48000,경남,201209,2466
48000,경남,201210,4361
48000,경남,201211,6870
48000,경남,201212,10653
48000,경남,201301,3108
48000,경남,201302,3338
48000,경남,201303,4561
48000,경남,201304,5947
48000,경남,201305,6292
48000,경남,201306,10928
48000,경남,201307,5904
48000,경남,201308,3893
48000,경남,201309,4360
48000,경남,201310,7832
48000,경남,201311,8610
48000,경남,201312,10953
48000,경남,201401,7984
48000,경남,201402,7925
48000,경남,201403,7495
48000,경남,201404,7885
48000,경남,201405,7973
48000,경남,201406,7496
48000,경남,201407,7295
48000,경남,201408,7671
48000,경남,201409,7908
48000,경남,201410,10242
48000,경남,201411,6968
48000,경남,201412,9941
48000,경남,201501,8045
48000,경남,201502,7020
48000,경남,201503,8356
48000,경남,201504,8615
48000,경남,201505,7299
48000,경남,201506,7728
48000,경남,201507,7463
48000,경남,201508,5666
48000,경남,201509,5398
48000,경남,201510,8251
48000,경남,201511,9514
48000,경남,201512,9808
48000,경남,201601,7174
48000,경남,201602,5136
48000,경남,201603,5409
48000,경남,201604,6262
48000,경남,201605,5598
48000,경남,201606,8330
48000,경남,201607,6033
48000,경남,201608,6763
48000,경남,201609,5835
48000,경남,201610,7705
48000,경남,201611,7869
48000,경남,201612,6738
48000,경남,201701,6280
48000,경남,201702,6454
48000,경남,201703,7420
48000,경남,201704,6586
48000,경남,201705,10481
48000,경남,201706,10322
48000,경남,201707,9665
48000,경남,201708,10931
48000,경남,201709,8636
48000,경남,201710,5319
48000,경남,201711,6229
48000,경남,201712,5390
48000,경남,201801,7021
48000,경남,201802,5839
48000,경남,201803,5757
48000,경남,201804,5253
48000,경남,201805,4798
48000,경남,201806,5096
48000,경남,201807,6484
48000,경남,201808,4293
48000,경남,201809,3679
48000,경남,201810,4944
48000,경남,201811,4737
48000,경남,201812,5074
48000,경남,201901,5339
48000,경남,201902,5760
48000,경남,201903,6902
50000,제주,200601,
50000,제주,200602,
50000,제주,200603,
50000,제주,200604,
50000,제주,200605,
50000,제주,200606,
50000,제주,200607,124
50000,제주,200608,135
50000,제주,200609,277
50000,제주,200610,317
50000,제주,200611,804
50000,제주,200612,388
50000,제주,200701,571
50000,제주,200702,336
50000,제주,200703,232
50000,제주,200704,183
50000,제주,200705,690
50000,제주,200706,171
50000,제주,200707,199
50000,제주,200708,164
50000,제주,200709,107
50000,제주,200710,237
50000,제주,200711,204
50000,제주,200712,281
50000,제주,200801,513
50000,제주,200802,275
50000,제주,200803,224
50000,제주,200804,189
50000,제주,200805,168
50000,제주,200806,176
50000,제주,200807,412
50000,제주,200808,467
50000,제주,200809,198
50000,제주,200810,218
50000,제주,200811,207
50000,제주,200812,241
50000,제주,200901,400
50000,제주,200902,365
50000,제주,200903,204
50000,제주,200904,234
50000,제주,200905,148
50000,제주,200906,170
50000,제주,200907,164
50000,제주,200908,212
50000,제주,200909,211
50000,제주,200910,204
50000,제주,200911,248
50000,제주,200912,386
50000,제주,201001,477
50000,제주,201002,452
50000,제주,201003,299
50000,제주,201004,338
50000,제주,201005,205
50000,제주,201006,249
50000,제주,201007,154
50000,제주,201008,204
50000,제주,201009,199
50000,제주,201010,339
50000,제주,201011,420
50000,제주,201012,2051
50000,제주,201101,998
50000,제주,201102,666
50000,제주,201103,660
50000,제주,201104,370
50000,제주,201105,254
50000,제주,201106,200
50000,제주,201107,197
50000,제주,201108,256
50000,제주,201109,196
50000,제주,201110,262
50000,제주,201111,952
50000,제주,201112,1077
50000,제주,201201,794
50000,제주,201202,631
50000,제주,201203,315
50000,제주,201204,337
50000,제주,201205,446
50000,제주,201206,354
50000,제주,201207,343
50000,제주,201208,384
50000,제주,201209,293
50000,제주,201210,458
50000,제주,201211,451
50000,제주,201212,973
50000,제주,201301,512
50000,제주,201302,526
50000,제주,201303,634
50000,제주,201304,466
50000,제주,201305,443
50000,제주,201306,640
50000,제주,201307,411
50000,제주,201308,405
50000,제주,201309,307
50000,제주,201310,776
50000,제주,201311,572
50000,제주,201312,832
50000,제주,201401,936
50000,제주,201402,690
50000,제주,201403,473
50000,제주,201404,447
50000,제주,201405,327
50000,제주,201406,340
50000,제주,201407,453
50000,제주,201408,496
50000,제주,201409,763
50000,제주,201410,730
50000,제주,201411,463
50000,제주,201412,865
50000,제주,201501,1023
50000,제주,201502,664
50000,제주,201503,587
50000,제주,201504,452
50000,제주,201505,411
50000,제주,201506,568
50000,제주,201507,541
50000,제주,201508,662
50000,제주,201509,923
50000,제주,201510,919
50000,제주,201511,1005
50000,제주,201512,890
50000,제주,201601,850
50000,제주,201602,710
50000,제주,201603,681
50000,제주,201604,1042
50000,제주,201605,577
50000,제주,201606,748
50000,제주,201607,601
50000,제주,201608,544
50000,제주,201609,480
50000,제주,201610,452
50000,제주,201611,695
50000,제주,201612,775
50000,제주,201701,824
50000,제주,201702,759
50000,제주,201703,661
50000,제주,201704,623
50000,제주,201705,468
50000,제주,201706,528
50000,제주,201707,427
50000,제주,201708,469
50000,제주,201709,547
50000,제주,201710,444
50000,제주,201711,648
50000,제주,201712,692
50000,제주,201801,570
50000,제주,201802,622
50000,제주,201803,602
50000,제주,201804,605
50000,제주,201805,410
50000,제주,201806,823
50000,제주,201807,716
50000,제주,201808,501
50000,제주,201809,328
50000,제주,201810,457
50000,제주,201811,455
50000,제주,201812,478
50000,제주,201901,701
50000,제주,201902,516
50000,제주,201903,323
